Supervisor First Name,Supervisor Last Name,Supervisor email,
Linnie,Howard,Linnie.Howard@ucal.ac.uk,
Edward,Curry,Edward.Curry@ucal.ac.uk,
Nathan,Alvarado,Nathan.Alvarado@ucal.ac.uk,
Loretta,Peters,Loretta.Peters@ucal.ac.uk,
Roy,Salazar,Roy.Salazar@ucal.ac.uk,
Katherine,Ramsey,Katherine.Ramsey@ucal.ac.uk,
Leroy,Harrison,Leroy.Harrison@ucal.ac.uk,
Lina,Austin,Lina.Austin@ucal.ac.uk,
Cynthia,Gonzales,Cynthia.Gonzales@ucal.ac.uk,
Louisa,Webb,Louisa.Webb@ucal.ac.uk,
Maria,Maxwell,Maria.Maxwell@ucal.ac.uk,
Gavin,Olson,Gavin.Olson@ucal.ac.uk,
Dean,Wright,Dean.Wright@ucal.ac.uk,
Essie,Ramos,Essie.Ramos@ucal.ac.uk,
Hilda,Osborne,Hilda.Osborne@ucal.ac.uk,
Charlotte,Turner,Charlotte.Turner@ucal.ac.uk,
Joel,Munoz,Joel.Munoz@ucal.ac.uk,
Donald,Walker,Donald.Walker@ucal.ac.uk,
Tillie,Meyer,Tillie.Meyer@ucal.ac.uk,
Eunice,Fields,Eunice.Fields@ucal.ac.uk,
Barbara,Greer,Barbara.Greer@ucal.ac.uk,
Linnie,Maldonado,Linnie.Maldonado@ucal.ac.uk,
Blanche,Harris,Blanche.Harris@ucal.ac.uk,
Sarah,Cox,Sarah.Cox@ucal.ac.uk,
Bess,Patrick,Bess.Patrick@ucal.ac.uk,
Cody,Bryant,Cody.Bryant@ucal.ac.uk,
Belle,Barker,Belle.Barker@ucal.ac.uk,
Jose,Silva,Jose.Silva@ucal.ac.uk,
Ryan,Estrada,Ryan.Estrada@ucal.ac.uk,
Alexander,Campbell,Alexander.Campbell@ucal.ac.uk,
